<?xml version="1.0" encoding="UTF-8"?>
<rss version="2.0" xmlns:atom="http://www.w3.org/2005/Atom">
  <channel>
    <title>Coinverse</title>
    <description>Write an awesome description for your new site here. You can edit this line in _config.yml. It will appear in your document head meta (for Google search results) and in your feed.xml site description.</description>
    <link>http://atpfreitas.github.io/coinverse//</link>
    <atom:link href="http://atpfreitas.github.io/coinverse//feed.xml" rel="self" type="application/rss+xml" />
    <pubDate>Wed, 17 Sep 2014 22:02:59 -0300</pubDate>
    <lastBuildDate>Wed, 17 Sep 2014 22:02:59 -0300</lastBuildDate>
    <generator>Jekyll v2.1.0</generator>
    
      <item>
        <title>Welcome to Jekyll!</title>
        <description>&lt;p&gt;You’ll find this post in your &lt;code&gt;_posts&lt;/code&gt; directory - edit this post and re-build (or run with the &lt;code&gt;-w&lt;/code&gt; switch) to see your changes!
To add new posts, simply add a file in the &lt;code&gt;_posts&lt;/code&gt; directory that follows the convention: YYYY-MM-DD-name-of-post.ext.&lt;/p&gt;

&lt;p&gt;Jekyll also offers powerful support for code snippets:&lt;/p&gt;

&lt;div class=&quot;highlight&quot;&gt;&lt;pre&gt;&lt;code class=&quot;language-ruby&quot; data-lang=&quot;ruby&quot;&gt;&lt;span class=&quot;k&quot;&gt;def&lt;/span&gt; &lt;span class=&quot;nf&quot;&gt;print_hi&lt;/span&gt;&lt;span class=&quot;p&quot;&gt;(&lt;/span&gt;&lt;span class=&quot;nb&quot;&gt;name&lt;/span&gt;&lt;span class=&quot;p&quot;&gt;)&lt;/span&gt;
  &lt;span class=&quot;nb&quot;&gt;puts&lt;/span&gt; &lt;span class=&quot;s2&quot;&gt;&amp;quot;Hi, &lt;/span&gt;&lt;span class=&quot;si&quot;&gt;#{&lt;/span&gt;&lt;span class=&quot;nb&quot;&gt;name&lt;/span&gt;&lt;span class=&quot;si&quot;&gt;}&lt;/span&gt;&lt;span class=&quot;s2&quot;&gt;&amp;quot;&lt;/span&gt;
&lt;span class=&quot;k&quot;&gt;end&lt;/span&gt;
&lt;span class=&quot;n&quot;&gt;print_hi&lt;/span&gt;&lt;span class=&quot;p&quot;&gt;(&lt;/span&gt;&lt;span class=&quot;s1&quot;&gt;&amp;#39;Tom&amp;#39;&lt;/span&gt;&lt;span class=&quot;p&quot;&gt;)&lt;/span&gt;
&lt;span class=&quot;c1&quot;&gt;#=&amp;gt; prints &amp;#39;Hi, Tom&amp;#39; to STDOUT.&lt;/span&gt;&lt;/code&gt;&lt;/pre&gt;&lt;/div&gt;

&lt;p&gt;Check out the &lt;a href=&quot;http://jekyllrb.com&quot;&gt;Jekyll docs&lt;/a&gt; for more info on how to get the most out of Jekyll. File all bugs/feature requests at &lt;a href=&quot;https://github.com/jekyll/jekyll&quot;&gt;Jekyll’s GitHub repo&lt;/a&gt;.&lt;/p&gt;

</description>
        <pubDate>Sat, 06 Sep 2014 11:04:12 -0300</pubDate>
        <link>http://atpfreitas.github.io/coinverse//jekyll/update/2014/09/06/welcome-to-jekyll/</link>
        <guid isPermaLink="true">http://atpfreitas.github.io/coinverse//jekyll/update/2014/09/06/welcome-to-jekyll/</guid>
        
        
        <category>jekyll</category>
        
        <category>update</category>
        
      </item>
    
  </channel>
</rss>
